SET MODE MYSQL;

DROP TABLE IF EXISTS LEGENDS_WEAPONS;
DROP TABLE IF EXISTS GAMES_USERS;
DROP TABLE IF EXISTS LEGENDS_RACES;
DROP TABLE IF EXISTS USERS;
DROP TABLE IF EXISTS GAMES;
DROP TABLE IF EXISTS GENDERS;
DROP TABLE IF EXISTS WEAPONS;
DROP TABLE IF EXISTS YEARS;
DROP TABLE IF EXISTS RACES;
DROP TABLE IF EXISTS ROLES;
DROP TABLE IF EXISTS LEGENDS;

CREATE TABLE RACES(
    NAME VARCHAR(30) PRIMARY KEY NOT NULL
);

CREATE TABLE GENDERS(
    NAME VARCHAR(10) PRIMARY KEY NOT NULL
);

CREATE TABLE YEARS(
    NUM INT PRIMARY KEY NOT NULL
);

CREATE TABLE LEGENDS(
    ID INT AUTO_INCREMENT,
    NAME VARCHAR(20) NOT NULL,
    GENDER_NAME VARCHAR(10) NOT NULL,
    YEAR_NUM INT NOT NULL,
    CONSTRAINT PK_LEGENDS PRIMARY KEY(ID),
    CONSTRAINT FK_LEGENDS_GENDERS FOREIGN KEY(GENDER_NAME) REFERENCES GENDERS(NAME),
    CONSTRAINT FK_LEGENDS_YEARS FOREIGN KEY(YEAR_NUM) REFERENCES YEARS(NUM),
    CONSTRAINT UNIQUE_NAME UNIQUE(NAME)
);

CREATE TABLE LEGENDS_RACES(
    LEGEND_ID INT NOT NULL,
    RACE_NAME VARCHAR(30) NOT NULL,
    CONSTRAINT PK_LEGENDS_RACES PRIMARY KEY(LEGEND_ID, RACE_NAME),
    CONSTRAINT FK_LEGENDS_RACES_LEGENDS FOREIGN KEY(LEGEND_ID) REFERENCES LEGENDS(ID),
    CONSTRAINT FK_LEGENDS_RACES_RACES FOREIGN KEY(RACE_NAME) REFERENCES RACES(NAME)
);

CREATE TABLE WEAPONS(
    NAME VARCHAR(20) NOT NULL,
    CONSTRAINT PK_WEAPONS PRIMARY KEY(NAME)
);

CREATE TABLE LEGENDS_WEAPONS(
    LEGEND_ID INT NOT NULL,
    WEAPON_NAME VARCHAR(20) NOT NULL,
    CONSTRAINT PK_LEGENDS_WEAPONS PRIMARY KEY(LEGEND_ID, WEAPON_NAME),
    CONSTRAINT FK_LEGENDS_WEAPONS_LEYEND FOREIGN KEY(LEGEND_ID) REFERENCES LEGENDS(ID),
    CONSTRAINT FK_LEGENDS_WEAPONS_WEAPON FOREIGN KEY(WEAPON_NAME) REFERENCES WEAPONS(NAME)
);

CREATE TABLE GAMES(
    ID INT AUTO_INCREMENT PRIMARY KEY,
    LEGEND_ID INT NOT NULL,
    CONSTRAINT FK_GAMES_USERS FOREIGN KEY(LEGEND_ID) REFERENCES LEGENDS(ID)
);

CREATE TABLE ROLES(
  NAME VARCHAR(10) PRIMARY KEY NOT NULL
);

CREATE TABLE USERS(
    ID INT AUTO_INCREMENT PRIMARY KEY,
    EMAIL VARCHAR(80) NOT NULL,
    NICK VARCHAR(50) NOT NULL,
    PASSWORD VARCHAR (255) NOT NULL,
    ROLE_NAME VARCHAR(10) NOT NULL,
    DELETED TINYINT DEFAULT 0,
    CONSTRAINT UNIQUE_EMAIL UNIQUE(EMAIL),
    CONSTRAINT FK_ROLES_USERS FOREIGN KEY(ROLE_NAME) REFERENCES ROLES(NAME)
);

CREATE TABLE GAMES_USERS(
    GAME_ID INT NOT NULL,
    USER_ID INT NOT NULL,
    GUESSED INT DEFAULT '0',
    NUM_TRIES INT DEFAULT '0',
    CONSTRAINT PK_GAMES_USERS PRIMARY KEY(GAME_ID,USER_ID),
    CONSTRAINT FK_GAMES_GAMES_USERS FOREIGN KEY(GAME_ID) REFERENCES GAMES(ID),
    CONSTRAINT FK_USERS_GAMES_USERS FOREIGN KEY(USER_ID) REFERENCES USERS(ID)
);

INSERT INTO RACES(NAME) VALUES("Humanoid");
INSERT INTO RACES(NAME) VALUES("Fictional");
INSERT INTO RACES(NAME) VALUES("Animaloid");
INSERT INTO RACES(NAME) VALUES("Robotic");

INSERT INTO GENDERS(NAME) VALUES("Male");
INSERT INTO GENDERS(NAME) VALUES("Female");
INSERT INTO GENDERS(NAME) VALUES("Unknown");

INSERT INTO YEARS(NUM) VALUES(2014);
INSERT INTO YEARS(NUM) VALUES(2015);
INSERT INTO YEARS(NUM) VALUES(2016);
INSERT INTO YEARS(NUM) VALUES(2017);
INSERT INTO YEARS(NUM) VALUES(2018);
INSERT INTO YEARS(NUM) VALUES(2019);
INSERT INTO YEARS(NUM) VALUES(2020);
INSERT INTO YEARS(NUM) VALUES(2021);
INSERT INTO YEARS(NUM) VALUES(2022);
INSERT INTO YEARS(NUM) VALUES(2023);

INSERT INTO LEGENDS(ID, NAME, GENDER_NAME, YEAR_NUM) VALUES(1, "Bödvar", "Male", 2014);

INSERT INTO LEGENDS(ID, NAME, GENDER_NAME, YEAR_NUM) VALUES(2, "Cassidy", "Female", 2014);

INSERT INTO LEGENDS(ID, NAME, GENDER_NAME, YEAR_NUM) VALUES(3, "Orion", "Male", 2014);

INSERT INTO LEGENDS(ID, NAME, GENDER_NAME, YEAR_NUM) VALUES(4, "Lord Vraxx", "Male", 2014);

INSERT INTO LEGENDS(ID, NAME, GENDER_NAME, YEAR_NUM) VALUES(5, "Gnash", "Male", 2014);

INSERT INTO LEGENDS(ID, NAME, GENDER_NAME, YEAR_NUM) VALUES(6, "Queen Nai", "Female", 2014);

INSERT INTO LEGENDS(ID, NAME, GENDER_NAME, YEAR_NUM) VALUES(7, "Hattori", "Female", 2014);

INSERT INTO LEGENDS(ID, NAME, GENDER_NAME, YEAR_NUM) VALUES(8, "Sir Roland", "Male", 2014);

INSERT INTO LEGENDS(ID, NAME, GENDER_NAME, YEAR_NUM) VALUES(9, "Scarlet", "Female", 2014);

INSERT INTO LEGENDS(ID, NAME, GENDER_NAME, YEAR_NUM) VALUES(10, "Thatch", "Male", 2014);

INSERT INTO LEGENDS(ID, NAME, GENDER_NAME, YEAR_NUM) VALUES(11, "Ada", "Female", 2014);

INSERT INTO LEGENDS(ID, NAME, GENDER_NAME, YEAR_NUM) VALUES(12, "Sentinel", "Male", 2014);

INSERT INTO LEGENDS(ID, NAME, GENDER_NAME, YEAR_NUM) VALUES(13, "Lucien", "Male", 2015);

INSERT INTO LEGENDS(ID, NAME, GENDER_NAME, YEAR_NUM) VALUES(14, "Teros", "Male", 2015);

INSERT INTO LEGENDS(ID, NAME, GENDER_NAME, YEAR_NUM) VALUES(15, "Brynn", "Female", 2015);

INSERT INTO LEGENDS(ID, NAME, GENDER_NAME, YEAR_NUM) VALUES(16, "Asuri", "Female", 2015);

INSERT INTO LEGENDS(ID, NAME, GENDER_NAME, YEAR_NUM) VALUES(17, "Barraza", "Male", 2015);

INSERT INTO LEGENDS(ID, NAME, GENDER_NAME, YEAR_NUM) VALUES(18, "Ember", "Female", 2015);

INSERT INTO LEGENDS(ID, NAME, GENDER_NAME, YEAR_NUM) VALUES(19, "Azoth", "Male", 2016);

INSERT INTO LEGENDS(ID, NAME, GENDER_NAME, YEAR_NUM) VALUES(20, "Koji", "Male", 2016);

INSERT INTO LEGENDS(ID, NAME, GENDER_NAME, YEAR_NUM) VALUES(21, "Ulgrim", "Male", 2016);

INSERT INTO LEGENDS(ID, NAME, GENDER_NAME, YEAR_NUM) VALUES(22, "Diana", "Female", 2016);

INSERT INTO LEGENDS(ID, NAME, GENDER_NAME, YEAR_NUM) VALUES(23, "Jhala", "Female", 2016);

INSERT INTO LEGENDS(ID, NAME, GENDER_NAME, YEAR_NUM) VALUES(24, "Kor", "Male", 2016);

INSERT INTO LEGENDS(ID, NAME, GENDER_NAME, YEAR_NUM) VALUES(25, "Wu Shang", "Male", 2016);

INSERT INTO LEGENDS(ID, NAME, GENDER_NAME, YEAR_NUM) VALUES(26, "Val", "Female", 2016);

INSERT INTO LEGENDS(ID, NAME, GENDER_NAME, YEAR_NUM) VALUES(27, "Ragnir", "Male", 2016);

INSERT INTO LEGENDS(ID, NAME, GENDER_NAME, YEAR_NUM) VALUES(28, "Cross", "Male", 2016);

INSERT INTO LEGENDS(ID, NAME, GENDER_NAME, YEAR_NUM) VALUES(29, "Mirage", "Female", 2017);

INSERT INTO LEGENDS(ID, NAME, GENDER_NAME, YEAR_NUM) VALUES(30, "Nix", "Female", 2017);

INSERT INTO LEGENDS(ID, NAME, GENDER_NAME, YEAR_NUM) VALUES(31, "Mordex", "Male", 2017);

INSERT INTO LEGENDS(ID, NAME, GENDER_NAME, YEAR_NUM) VALUES(32, "Yumiko", "Female", 2017);

INSERT INTO LEGENDS(ID, NAME, GENDER_NAME, YEAR_NUM) VALUES(33, "Artemis", "Female", 2017);

INSERT INTO LEGENDS(ID, NAME, GENDER_NAME, YEAR_NUM) VALUES(34, "Caspian", "Male", 2017);

INSERT INTO LEGENDS(ID, NAME, GENDER_NAME, YEAR_NUM) VALUES(35, "Sidra", "Female", 2017);

INSERT INTO LEGENDS(ID, NAME, GENDER_NAME, YEAR_NUM) VALUES(36, "Xull", "Male", 2017);

INSERT INTO LEGENDS(ID, NAME, GENDER_NAME, YEAR_NUM) VALUES(37, "Kaya", "Female", 2018);

INSERT INTO LEGENDS(ID, NAME, GENDER_NAME, YEAR_NUM) VALUES(38, "Isaiah", "Male", 2018);

INSERT INTO LEGENDS(ID, NAME, GENDER_NAME, YEAR_NUM) VALUES(39, "Jiro", "Male", 2018);

INSERT INTO LEGENDS(ID, NAME, GENDER_NAME, YEAR_NUM) VALUES(40, "Lin Fei", "Female", 2018);

INSERT INTO LEGENDS(ID, NAME, GENDER_NAME, YEAR_NUM) VALUES(41, "Zariel", "Unknown", 2018);

INSERT INTO LEGENDS(ID, NAME, GENDER_NAME, YEAR_NUM) VALUES(42, "Rayman", "Male", 2018);

INSERT INTO LEGENDS(ID, NAME, GENDER_NAME, YEAR_NUM) VALUES(43, "Dusk", "Male", 2018);

INSERT INTO LEGENDS(ID, NAME, GENDER_NAME, YEAR_NUM) VALUES(44, "Fait", "Female", 2019);

INSERT INTO LEGENDS(ID, NAME, GENDER_NAME, YEAR_NUM) VALUES(45, "Thor", "Male", 2019);

INSERT INTO LEGENDS(ID, NAME, GENDER_NAME, YEAR_NUM) VALUES(46, "Petra", "Female", 2019);

INSERT INTO LEGENDS(ID, NAME, GENDER_NAME, YEAR_NUM) VALUES(47, "Vector", "Male", 2019);

INSERT INTO LEGENDS(ID, NAME, GENDER_NAME, YEAR_NUM) VALUES(48, "Volkov", "Male", 2019);

INSERT INTO LEGENDS(ID, NAME, GENDER_NAME, YEAR_NUM) VALUES(49, "Onix", "Female", 2020);

INSERT INTO LEGENDS(ID, NAME, GENDER_NAME, YEAR_NUM) VALUES(50, "Jaeyun", "Male", 2020);

INSERT INTO LEGENDS(ID, NAME, GENDER_NAME, YEAR_NUM) VALUES(51, "Mako", "Female", 2020);

INSERT INTO LEGENDS(ID, NAME, GENDER_NAME, YEAR_NUM) VALUES(52, "Magyar", "Unknown", 2021);

INSERT INTO LEGENDS(ID, NAME, GENDER_NAME, YEAR_NUM) VALUES(53, "Reno", "Male", 2021);

INSERT INTO LEGENDS(ID, NAME, GENDER_NAME, YEAR_NUM) VALUES(54, "Munin", "Female", 2021);

INSERT INTO LEGENDS(ID, NAME, GENDER_NAME, YEAR_NUM) VALUES(55, "Arcadia", "Female", 2022);

INSERT INTO LEGENDS(ID, NAME, GENDER_NAME, YEAR_NUM) VALUES(56, "Ezio", "Male", 2022);

INSERT INTO LEGENDS(ID, NAME, GENDER_NAME, YEAR_NUM) VALUES(57, "Tezca", "Male", 2022);

INSERT INTO LEGENDS(ID, NAME, GENDER_NAME, YEAR_NUM) VALUES(58, "Thea", "Female", 2023);

INSERT INTO LEGENDS(ID, NAME, GENDER_NAME, YEAR_NUM) VALUES(59, "Red Raptor", "Male", 2023);

INSERT INTO WEAPONS(NAME) VALUES("Grapple Hammer");
INSERT INTO WEAPONS(NAME) VALUES("Sword");
INSERT INTO WEAPONS(NAME) VALUES("Blasters");
INSERT INTO WEAPONS(NAME) VALUES("Rocket Lance");
INSERT INTO WEAPONS(NAME) VALUES("Spear");
INSERT INTO WEAPONS(NAME) VALUES("Katars");
INSERT INTO WEAPONS(NAME) VALUES("Axe");
INSERT INTO WEAPONS(NAME) VALUES("Bow");
INSERT INTO WEAPONS(NAME) VALUES("Gauntlets");
INSERT INTO WEAPONS(NAME) VALUES("Scythe");
INSERT INTO WEAPONS(NAME) VALUES("Cannon");
INSERT INTO WEAPONS(NAME) VALUES("Orb");
INSERT INTO WEAPONS(NAME) VALUES("Greatsword");
INSERT INTO WEAPONS(NAME) VALUES("Battle Boots");

INSERT INTO LEGENDS_WEAPONS(LEGEND_ID, WEAPON_NAME) VALUES(1, "Grapple Hammer");
INSERT INTO LEGENDS_WEAPONS(LEGEND_ID, WEAPON_NAME) VALUES(1, "Sword");

INSERT INTO LEGENDS_WEAPONS(LEGEND_ID, WEAPON_NAME) VALUES(2, "Blasters");
INSERT INTO LEGENDS_WEAPONS(LEGEND_ID, WEAPON_NAME) VALUES(2, "Grapple Hammer");

INSERT INTO LEGENDS_WEAPONS(LEGEND_ID, WEAPON_NAME) VALUES(3, "Rocket Lance");
INSERT INTO LEGENDS_WEAPONS(LEGEND_ID, WEAPON_NAME) VALUES(3, "Spear");

INSERT INTO LEGENDS_WEAPONS(LEGEND_ID, WEAPON_NAME) VALUES(4, "Blasters");
INSERT INTO LEGENDS_WEAPONS(LEGEND_ID, WEAPON_NAME) VALUES(4, "Rocket Lance");

INSERT INTO LEGENDS_WEAPONS(LEGEND_ID, WEAPON_NAME) VALUES(5, "Grapple Hammer");
INSERT INTO LEGENDS_WEAPONS(LEGEND_ID, WEAPON_NAME) VALUES(5, "Spear");

INSERT INTO LEGENDS_WEAPONS(LEGEND_ID, WEAPON_NAME) VALUES(6, "Katars");
INSERT INTO LEGENDS_WEAPONS(LEGEND_ID, WEAPON_NAME) VALUES(6, "Spear");

INSERT INTO LEGENDS_WEAPONS(LEGEND_ID, WEAPON_NAME) VALUES(7, "Spear");
INSERT INTO LEGENDS_WEAPONS(LEGEND_ID, WEAPON_NAME) VALUES(7, "Sword");

INSERT INTO LEGENDS_WEAPONS(LEGEND_ID, WEAPON_NAME) VALUES(8, "Rocket Lance");
INSERT INTO LEGENDS_WEAPONS(LEGEND_ID, WEAPON_NAME) VALUES(8, "Sword");

INSERT INTO LEGENDS_WEAPONS(LEGEND_ID, WEAPON_NAME) VALUES(9, "Grapple Hammer");
INSERT INTO LEGENDS_WEAPONS(LEGEND_ID, WEAPON_NAME) VALUES(9, "Rocket Lance");

INSERT INTO LEGENDS_WEAPONS(LEGEND_ID, WEAPON_NAME) VALUES(10, "Blasters");
INSERT INTO LEGENDS_WEAPONS(LEGEND_ID, WEAPON_NAME) VALUES(10, "Sword");

INSERT INTO LEGENDS_WEAPONS(LEGEND_ID, WEAPON_NAME) VALUES(11, "Spear");
INSERT INTO LEGENDS_WEAPONS(LEGEND_ID, WEAPON_NAME) VALUES(11, "Blasters");

INSERT INTO LEGENDS_WEAPONS(LEGEND_ID, WEAPON_NAME) VALUES(12, "Katars");
INSERT INTO LEGENDS_WEAPONS(LEGEND_ID, WEAPON_NAME) VALUES(12, "Grapple Hammer");

INSERT INTO LEGENDS_WEAPONS(LEGEND_ID, WEAPON_NAME) VALUES(13, "Blasters");
INSERT INTO LEGENDS_WEAPONS(LEGEND_ID, WEAPON_NAME) VALUES(13, "Katars");

INSERT INTO LEGENDS_WEAPONS(LEGEND_ID, WEAPON_NAME) VALUES(14, "Grapple Hammer");
INSERT INTO LEGENDS_WEAPONS(LEGEND_ID, WEAPON_NAME) VALUES(14, "Axe");

INSERT INTO LEGENDS_WEAPONS(LEGEND_ID, WEAPON_NAME) VALUES(15, "Axe");
INSERT INTO LEGENDS_WEAPONS(LEGEND_ID, WEAPON_NAME) VALUES(15, "Spear");

INSERT INTO LEGENDS_WEAPONS(LEGEND_ID, WEAPON_NAME) VALUES(16, "Sword");
INSERT INTO LEGENDS_WEAPONS(LEGEND_ID, WEAPON_NAME) VALUES(16, "Katars");

INSERT INTO LEGENDS_WEAPONS(LEGEND_ID, WEAPON_NAME) VALUES(17, "Blasters");
INSERT INTO LEGENDS_WEAPONS(LEGEND_ID, WEAPON_NAME) VALUES(17, "Axe");

INSERT INTO LEGENDS_WEAPONS(LEGEND_ID, WEAPON_NAME) VALUES(18, "Bow");
INSERT INTO LEGENDS_WEAPONS(LEGEND_ID, WEAPON_NAME) VALUES(18, "Katars");

INSERT INTO LEGENDS_WEAPONS(LEGEND_ID, WEAPON_NAME) VALUES(19, "Axe");
INSERT INTO LEGENDS_WEAPONS(LEGEND_ID, WEAPON_NAME) VALUES(19, "Bow");

INSERT INTO LEGENDS_WEAPONS(LEGEND_ID, WEAPON_NAME) VALUES(20, "Bow");
INSERT INTO LEGENDS_WEAPONS(LEGEND_ID, WEAPON_NAME) VALUES(20, "Sword");

INSERT INTO LEGENDS_WEAPONS(LEGEND_ID, WEAPON_NAME) VALUES(21, "Rocket Lance");
INSERT INTO LEGENDS_WEAPONS(LEGEND_ID, WEAPON_NAME) VALUES(21, "Axe");

INSERT INTO LEGENDS_WEAPONS(LEGEND_ID, WEAPON_NAME) VALUES(22, "Bow");
INSERT INTO LEGENDS_WEAPONS(LEGEND_ID, WEAPON_NAME) VALUES(22, "Blasters");

INSERT INTO LEGENDS_WEAPONS(LEGEND_ID, WEAPON_NAME) VALUES(23, "Sword");
INSERT INTO LEGENDS_WEAPONS(LEGEND_ID, WEAPON_NAME) VALUES(23, "Axe");

INSERT INTO LEGENDS_WEAPONS(LEGEND_ID, WEAPON_NAME) VALUES(24, "Grapple Hammer");
INSERT INTO LEGENDS_WEAPONS(LEGEND_ID, WEAPON_NAME) VALUES(24, "Gauntlets");

INSERT INTO LEGENDS_WEAPONS(LEGEND_ID, WEAPON_NAME) VALUES(25, "Gauntlets");
INSERT INTO LEGENDS_WEAPONS(LEGEND_ID, WEAPON_NAME) VALUES(25, "Spear");

INSERT INTO LEGENDS_WEAPONS(LEGEND_ID, WEAPON_NAME) VALUES(26, "Sword");
INSERT INTO LEGENDS_WEAPONS(LEGEND_ID, WEAPON_NAME) VALUES(26, "Gauntlets");

INSERT INTO LEGENDS_WEAPONS(LEGEND_ID, WEAPON_NAME) VALUES(27, "Katars");
INSERT INTO LEGENDS_WEAPONS(LEGEND_ID, WEAPON_NAME) VALUES(27, "Axe");

INSERT INTO LEGENDS_WEAPONS(LEGEND_ID, WEAPON_NAME) VALUES(28, "Gauntlets");
INSERT INTO LEGENDS_WEAPONS(LEGEND_ID, WEAPON_NAME) VALUES(28, "Blasters");

INSERT INTO LEGENDS_WEAPONS(LEGEND_ID, WEAPON_NAME) VALUES(29, "Scythe");
INSERT INTO LEGENDS_WEAPONS(LEGEND_ID, WEAPON_NAME) VALUES(29, "Spear");

INSERT INTO LEGENDS_WEAPONS(LEGEND_ID, WEAPON_NAME) VALUES(30, "Blasters");
INSERT INTO LEGENDS_WEAPONS(LEGEND_ID, WEAPON_NAME) VALUES(30, "Scythe");

INSERT INTO LEGENDS_WEAPONS(LEGEND_ID, WEAPON_NAME) VALUES(31, "Gauntlets");
INSERT INTO LEGENDS_WEAPONS(LEGEND_ID, WEAPON_NAME) VALUES(31, "Scythe");

INSERT INTO LEGENDS_WEAPONS(LEGEND_ID, WEAPON_NAME) VALUES(32, "Grapple Hammer");
INSERT INTO LEGENDS_WEAPONS(LEGEND_ID, WEAPON_NAME) VALUES(32, "Bow");

INSERT INTO LEGENDS_WEAPONS(LEGEND_ID, WEAPON_NAME) VALUES(33, "Scythe");
INSERT INTO LEGENDS_WEAPONS(LEGEND_ID, WEAPON_NAME) VALUES(33, "Rocket Lance");

INSERT INTO LEGENDS_WEAPONS(LEGEND_ID, WEAPON_NAME) VALUES(34, "Gauntlets");
INSERT INTO LEGENDS_WEAPONS(LEGEND_ID, WEAPON_NAME) VALUES(34, "Katars");

INSERT INTO LEGENDS_WEAPONS(LEGEND_ID, WEAPON_NAME) VALUES(35, "Sword");
INSERT INTO LEGENDS_WEAPONS(LEGEND_ID, WEAPON_NAME) VALUES(35, "Cannon");

INSERT INTO LEGENDS_WEAPONS(LEGEND_ID, WEAPON_NAME) VALUES(36, "Axe");
INSERT INTO LEGENDS_WEAPONS(LEGEND_ID, WEAPON_NAME) VALUES(36, "Cannon");

INSERT INTO LEGENDS_WEAPONS(LEGEND_ID, WEAPON_NAME) VALUES(37, "Spear");
INSERT INTO LEGENDS_WEAPONS(LEGEND_ID, WEAPON_NAME) VALUES(37, "Bow");

INSERT INTO LEGENDS_WEAPONS(LEGEND_ID, WEAPON_NAME) VALUES(38, "Cannon");
INSERT INTO LEGENDS_WEAPONS(LEGEND_ID, WEAPON_NAME) VALUES(38, "Blasters");

INSERT INTO LEGENDS_WEAPONS(LEGEND_ID, WEAPON_NAME) VALUES(39, "Scythe");
INSERT INTO LEGENDS_WEAPONS(LEGEND_ID, WEAPON_NAME) VALUES(39, "Sword");

INSERT INTO LEGENDS_WEAPONS(LEGEND_ID, WEAPON_NAME) VALUES(40, "Katars");
INSERT INTO LEGENDS_WEAPONS(LEGEND_ID, WEAPON_NAME) VALUES(40, "Cannon");

INSERT INTO LEGENDS_WEAPONS(LEGEND_ID, WEAPON_NAME) VALUES(41, "Bow");
INSERT INTO LEGENDS_WEAPONS(LEGEND_ID, WEAPON_NAME) VALUES(41, "Gauntlets");

INSERT INTO LEGENDS_WEAPONS(LEGEND_ID, WEAPON_NAME) VALUES(42, "Axe");
INSERT INTO LEGENDS_WEAPONS(LEGEND_ID, WEAPON_NAME) VALUES(42, "Gauntlets");

INSERT INTO LEGENDS_WEAPONS(LEGEND_ID, WEAPON_NAME) VALUES(43, "Orb");
INSERT INTO LEGENDS_WEAPONS(LEGEND_ID, WEAPON_NAME) VALUES(43, "Spear");

INSERT INTO LEGENDS_WEAPONS(LEGEND_ID, WEAPON_NAME) VALUES(44, "Scythe");
INSERT INTO LEGENDS_WEAPONS(LEGEND_ID, WEAPON_NAME) VALUES(44, "Orb");

INSERT INTO LEGENDS_WEAPONS(LEGEND_ID, WEAPON_NAME) VALUES(45, "Grapple Hammer");
INSERT INTO LEGENDS_WEAPONS(LEGEND_ID, WEAPON_NAME) VALUES(45, "Orb");

INSERT INTO LEGENDS_WEAPONS(LEGEND_ID, WEAPON_NAME) VALUES(46, "Orb");
INSERT INTO LEGENDS_WEAPONS(LEGEND_ID, WEAPON_NAME) VALUES(46, "Gauntlets");

INSERT INTO LEGENDS_WEAPONS(LEGEND_ID, WEAPON_NAME) VALUES(47, "Rocket Lance");
INSERT INTO LEGENDS_WEAPONS(LEGEND_ID, WEAPON_NAME) VALUES(47, "Bow");

INSERT INTO LEGENDS_WEAPONS(LEGEND_ID, WEAPON_NAME) VALUES(48, "Axe");
INSERT INTO LEGENDS_WEAPONS(LEGEND_ID, WEAPON_NAME) VALUES(48, "Scythe");

INSERT INTO LEGENDS_WEAPONS(LEGEND_ID, WEAPON_NAME) VALUES(49, "Cannon");
INSERT INTO LEGENDS_WEAPONS(LEGEND_ID, WEAPON_NAME) VALUES(49, "Gauntlets");

INSERT INTO LEGENDS_WEAPONS(LEGEND_ID, WEAPON_NAME) VALUES(50, "Greatsword");
INSERT INTO LEGENDS_WEAPONS(LEGEND_ID, WEAPON_NAME) VALUES(50, "Sword");

INSERT INTO LEGENDS_WEAPONS(LEGEND_ID, WEAPON_NAME) VALUES(51, "Katars");
INSERT INTO LEGENDS_WEAPONS(LEGEND_ID, WEAPON_NAME) VALUES(51, "Greatsword");

INSERT INTO LEGENDS_WEAPONS(LEGEND_ID, WEAPON_NAME) VALUES(52, "Greatsword");
INSERT INTO LEGENDS_WEAPONS(LEGEND_ID, WEAPON_NAME) VALUES(52, "Grapple Hammer");

INSERT INTO LEGENDS_WEAPONS(LEGEND_ID, WEAPON_NAME) VALUES(53, "Blasters");
INSERT INTO LEGENDS_WEAPONS(LEGEND_ID, WEAPON_NAME) VALUES(53, "Orb");

INSERT INTO LEGENDS_WEAPONS(LEGEND_ID, WEAPON_NAME) VALUES(54, "Scythe");
INSERT INTO LEGENDS_WEAPONS(LEGEND_ID, WEAPON_NAME) VALUES(54, "Bow");

INSERT INTO LEGENDS_WEAPONS(LEGEND_ID, WEAPON_NAME) VALUES(55, "Spear");
INSERT INTO LEGENDS_WEAPONS(LEGEND_ID, WEAPON_NAME) VALUES(55, "Greatsword");

INSERT INTO LEGENDS_WEAPONS(LEGEND_ID, WEAPON_NAME) VALUES(56, "Sword");
INSERT INTO LEGENDS_WEAPONS(LEGEND_ID, WEAPON_NAME) VALUES(56, "Orb");

INSERT INTO LEGENDS_WEAPONS(LEGEND_ID, WEAPON_NAME) VALUES(57, "Gauntlets");
INSERT INTO LEGENDS_WEAPONS(LEGEND_ID, WEAPON_NAME) VALUES(57, "Battle Boots");

INSERT INTO LEGENDS_WEAPONS(LEGEND_ID, WEAPON_NAME) VALUES(58, "Battle Boots");
INSERT INTO LEGENDS_WEAPONS(LEGEND_ID, WEAPON_NAME) VALUES(58, "Rocket Lance");

INSERT INTO LEGENDS_WEAPONS(LEGEND_ID, WEAPON_NAME) VALUES(59, "Orb");
INSERT INTO LEGENDS_WEAPONS(LEGEND_ID, WEAPON_NAME) VALUES(59, "Battle Boots");

INSERT INTO LEGENDS_RACES(LEGEND_ID, RACE_NAME) VALUES(1, "Humanoid");

INSERT INTO LEGENDS_RACES(LEGEND_ID, RACE_NAME) VALUES(1, "Animaloid");

INSERT INTO LEGENDS_RACES(LEGEND_ID, RACE_NAME) VALUES(2, "Humanoid");

INSERT INTO LEGENDS_RACES(LEGEND_ID, RACE_NAME) VALUES(3, "Humanoid");

INSERT INTO LEGENDS_RACES(LEGEND_ID, RACE_NAME) VALUES(3, "Robotic");

INSERT INTO LEGENDS_RACES(LEGEND_ID, RACE_NAME) VALUES(4, "Fictional");

INSERT INTO LEGENDS_RACES(LEGEND_ID, RACE_NAME) VALUES(5, "Humanoid");

INSERT INTO LEGENDS_RACES(LEGEND_ID, RACE_NAME) VALUES(6, "Humanoid");

INSERT INTO LEGENDS_RACES(LEGEND_ID, RACE_NAME) VALUES(7, "Humanoid");

INSERT INTO LEGENDS_RACES(LEGEND_ID, RACE_NAME) VALUES(7, "Fictional");

INSERT INTO LEGENDS_RACES(LEGEND_ID, RACE_NAME) VALUES(8, "Humanoid");

INSERT INTO LEGENDS_RACES(LEGEND_ID, RACE_NAME) VALUES(9, "Humanoid");

INSERT INTO LEGENDS_RACES(LEGEND_ID, RACE_NAME) VALUES(10, "Humanoid");

INSERT INTO LEGENDS_RACES(LEGEND_ID, RACE_NAME) VALUES(11, "Humanoid");

INSERT INTO LEGENDS_RACES(LEGEND_ID, RACE_NAME) VALUES(11, "Robotic");

INSERT INTO LEGENDS_RACES(LEGEND_ID, RACE_NAME) VALUES(12, "Humanoid");

INSERT INTO LEGENDS_RACES(LEGEND_ID, RACE_NAME) VALUES(13, "Humanoid");

INSERT INTO LEGENDS_RACES(LEGEND_ID, RACE_NAME) VALUES(14, "Animaloid");

INSERT INTO LEGENDS_RACES(LEGEND_ID, RACE_NAME) VALUES(14, "Fictional");

INSERT INTO LEGENDS_RACES(LEGEND_ID, RACE_NAME) VALUES(15, "Humanoid");

INSERT INTO LEGENDS_RACES(LEGEND_ID, RACE_NAME) VALUES(16, "Animaloid");

INSERT INTO LEGENDS_RACES(LEGEND_ID, RACE_NAME) VALUES(17, "Humanoid");

INSERT INTO LEGENDS_RACES(LEGEND_ID, RACE_NAME) VALUES(18, "Fictional");

INSERT INTO LEGENDS_RACES(LEGEND_ID, RACE_NAME) VALUES(18, "Humanoid");

INSERT INTO LEGENDS_RACES(LEGEND_ID, RACE_NAME) VALUES(19, "Fictional");

INSERT INTO LEGENDS_RACES(LEGEND_ID, RACE_NAME) VALUES(20, "Humanoid");

INSERT INTO LEGENDS_RACES(LEGEND_ID, RACE_NAME) VALUES(21, "Fictional");

INSERT INTO LEGENDS_RACES(LEGEND_ID, RACE_NAME) VALUES(21, "Humanoid");

INSERT INTO LEGENDS_RACES(LEGEND_ID, RACE_NAME) VALUES(22, "Humanoid");

INSERT INTO LEGENDS_RACES(LEGEND_ID, RACE_NAME) VALUES(23, "Humanoid");

INSERT INTO LEGENDS_RACES(LEGEND_ID, RACE_NAME) VALUES(24, "Fictional");

INSERT INTO LEGENDS_RACES(LEGEND_ID, RACE_NAME) VALUES(25, "Humanoid");

INSERT INTO LEGENDS_RACES(LEGEND_ID, RACE_NAME) VALUES(26, "Robotic");

INSERT INTO LEGENDS_RACES(LEGEND_ID, RACE_NAME) VALUES(26, "Humanoid");

INSERT INTO LEGENDS_RACES(LEGEND_ID, RACE_NAME) VALUES(27, "Fictional");

INSERT INTO LEGENDS_RACES(LEGEND_ID, RACE_NAME) VALUES(28, "Humanoid");

INSERT INTO LEGENDS_RACES(LEGEND_ID, RACE_NAME) VALUES(29, "Humanoid");

INSERT INTO LEGENDS_RACES(LEGEND_ID, RACE_NAME) VALUES(30, "Humanoid");

INSERT INTO LEGENDS_RACES(LEGEND_ID, RACE_NAME) VALUES(30, "Fictional");

INSERT INTO LEGENDS_RACES(LEGEND_ID, RACE_NAME) VALUES(31, "Fictional");

INSERT INTO LEGENDS_RACES(LEGEND_ID, RACE_NAME) VALUES(31, "Animaloid");

INSERT INTO LEGENDS_RACES(LEGEND_ID, RACE_NAME) VALUES(32, "Fictional");

INSERT INTO LEGENDS_RACES(LEGEND_ID, RACE_NAME) VALUES(32, "Humanoid");

INSERT INTO LEGENDS_RACES(LEGEND_ID, RACE_NAME) VALUES(32, "Animaloid");

INSERT INTO LEGENDS_RACES(LEGEND_ID, RACE_NAME) VALUES(33, "Fictional");

INSERT INTO LEGENDS_RACES(LEGEND_ID, RACE_NAME) VALUES(33, "Humanoid");

INSERT INTO LEGENDS_RACES(LEGEND_ID, RACE_NAME) VALUES(34, "Humanoid");

INSERT INTO LEGENDS_RACES(LEGEND_ID, RACE_NAME) VALUES(35, "Humanoid");

INSERT INTO LEGENDS_RACES(LEGEND_ID, RACE_NAME) VALUES(36, "Fictional");

INSERT INTO LEGENDS_RACES(LEGEND_ID, RACE_NAME) VALUES(37, "Humanoid");

INSERT INTO LEGENDS_RACES(LEGEND_ID, RACE_NAME) VALUES(38, "Humanoid");

INSERT INTO LEGENDS_RACES(LEGEND_ID, RACE_NAME) VALUES(39, "Humanoid");

INSERT INTO LEGENDS_RACES(LEGEND_ID, RACE_NAME) VALUES(39, "Fictional");

INSERT INTO LEGENDS_RACES(LEGEND_ID, RACE_NAME) VALUES(40, "Humanoid");

INSERT INTO LEGENDS_RACES(LEGEND_ID, RACE_NAME) VALUES(41, "Fictional");

INSERT INTO LEGENDS_RACES(LEGEND_ID, RACE_NAME) VALUES(41, "Humanoid");

INSERT INTO LEGENDS_RACES(LEGEND_ID, RACE_NAME) VALUES(42, "Fictional");

INSERT INTO LEGENDS_RACES(LEGEND_ID, RACE_NAME) VALUES(43, "Fictional");

INSERT INTO LEGENDS_RACES(LEGEND_ID, RACE_NAME) VALUES(43, "Humanoid");

INSERT INTO LEGENDS_RACES(LEGEND_ID, RACE_NAME) VALUES(44, "Humanoid");

INSERT INTO LEGENDS_RACES(LEGEND_ID, RACE_NAME) VALUES(44, "Fictional");

INSERT INTO LEGENDS_RACES(LEGEND_ID, RACE_NAME) VALUES(45, "Fictional");

INSERT INTO LEGENDS_RACES(LEGEND_ID, RACE_NAME) VALUES(45, "Humanoid");

INSERT INTO LEGENDS_RACES(LEGEND_ID, RACE_NAME) VALUES(46, "Fictional");

INSERT INTO LEGENDS_RACES(LEGEND_ID, RACE_NAME) VALUES(46, "Humanoid");

INSERT INTO LEGENDS_RACES(LEGEND_ID, RACE_NAME) VALUES(47, "Robotic");

INSERT INTO LEGENDS_RACES(LEGEND_ID, RACE_NAME) VALUES(48, "Fictional");

INSERT INTO LEGENDS_RACES(LEGEND_ID, RACE_NAME) VALUES(48, "Humanoid");

INSERT INTO LEGENDS_RACES(LEGEND_ID, RACE_NAME) VALUES(49, "Fictional");

INSERT INTO LEGENDS_RACES(LEGEND_ID, RACE_NAME) VALUES(50, "Humanoid");

INSERT INTO LEGENDS_RACES(LEGEND_ID, RACE_NAME) VALUES(51, "Animaloid");

INSERT INTO LEGENDS_RACES(LEGEND_ID, RACE_NAME) VALUES(51, "Fictional");

INSERT INTO LEGENDS_RACES(LEGEND_ID, RACE_NAME) VALUES(52, "Fictional");

INSERT INTO LEGENDS_RACES(LEGEND_ID, RACE_NAME) VALUES(53, "Fictional");

INSERT INTO LEGENDS_RACES(LEGEND_ID, RACE_NAME) VALUES(53, "Animaloid");

INSERT INTO LEGENDS_RACES(LEGEND_ID, RACE_NAME) VALUES(54, "Animaloid");

INSERT INTO LEGENDS_RACES(LEGEND_ID, RACE_NAME) VALUES(55, "Fictional");

INSERT INTO LEGENDS_RACES(LEGEND_ID, RACE_NAME) VALUES(55, "Humanoid");

INSERT INTO LEGENDS_RACES(LEGEND_ID, RACE_NAME) VALUES(56, "Humanoid");

INSERT INTO LEGENDS_RACES(LEGEND_ID, RACE_NAME) VALUES(57, "Humanoid");

INSERT INTO LEGENDS_RACES(LEGEND_ID, RACE_NAME) VALUES(58, "Humanoid");

INSERT INTO LEGENDS_RACES(LEGEND_ID, RACE_NAME) VALUES(58, "Fictional");

INSERT INTO LEGENDS_RACES(LEGEND_ID, RACE_NAME) VALUES(59, "Humanoid");

INSERT INTO LEGENDS_RACES(LEGEND_ID, RACE_NAME) VALUES(59, "Fictional");

INSERT INTO ROLES(NAME) VALUES("Admin");
INSERT INTO ROLES(NAME) VALUES("User");

INSERT INTO USERS(ID, EMAIL, NICK, PASSWORD, ROLE_NAME) VALUES(null, "admin123@gmail.com", "Admin", "1q2w3e4r", "Admin");


INSERT INTO GAMES(ID, LEGEND_ID) VALUES(1, 1);
INSERT INTO GAMES(ID, LEGEND_ID) VALUES(2, 1);
INSERT INTO GAMES(ID, LEGEND_ID) VALUES(3, 1);