--Races

INSERT INTO RACES(NAME) VALUES("Human-like");
INSERT INTO RACES(NAME) VALUES("Fictional Creature");
INSERT INTO RACES(NAME) VALUES("Animal-like");
INSERT INTO RACES(NAME) VALUES("Robot-like");

--Genders

INSERT INTO GENDERS(NAME) VALUES("Male");
INSERT INTO GENDERS(NAME) VALUES("Female");
INSERT INTO GENDERS(NAME) VALUES("Unknown");

--Years

INSERT INTO YEARS(NUM) VALUES(2014);
INSERT INTO YEARS(NUM) VALUES(2015);
INSERT INTO YEARS(NUM) VALUES(2016);
INSERT INTO YEARS(NUM) VALUES(2017);
INSERT INTO YEARS(NUM) VALUES(2018);
INSERT INTO YEARS(NUM) VALUES(2019);
INSERT INTO YEARS(NUM) VALUES(2020);
INSERT INTO YEARS(NUM) VALUES(2021);
INSERT INTO YEARS(NUM) VALUES(2022);
INSERT INTO YEARS(NUM) VALUES(2023);

--Legends, in release order

INSERT INTO LEGENDS(ID, NAME, RACE_NAME, GENDER_NAME, YEAR_NUM) VALUES(1, "Bödvar", "Human/Bear", "Male", 2014);--Candidate for two races

INSERT INTO LEGENDS(ID, NAME, RACE_NAME, GENDER_NAME, YEAR_NUM) VALUES(2, "Cassidy", "Human", "Female", 2014);

INSERT INTO LEGENDS(ID, NAME, RACE_NAME, GENDER_NAME, YEAR_NUM) VALUES(3, "Orion", "Unknown", "Male", 2014);
--Candidate for two races

INSERT INTO LEGENDS(ID, NAME, RACE_NAME, GENDER_NAME, YEAR_NUM) VALUES(4, "Lord Vraxx", "Alien", "Male", 2014);

INSERT INTO LEGENDS(ID, NAME, RACE_NAME, GENDER_NAME, YEAR_NUM) VALUES(5, "Gnash", "Human", "Male", 2014);

INSERT INTO LEGENDS(ID, NAME, RACE_NAME, GENDER_NAME, YEAR_NUM) VALUES(6, "Queen Nai", "Human", "Female", 2014);

INSERT INTO LEGENDS(ID, NAME, RACE_NAME, GENDER_NAME, YEAR_NUM) VALUES(7, "Hattori", "Human", "Female", 2014);
--Candidate for two races

INSERT INTO LEGENDS(ID, NAME, RACE_NAME, GENDER_NAME, YEAR_NUM) VALUES(8, "Sir Roland", "Human", "Male", 2014);

INSERT INTO LEGENDS(ID, NAME, RACE_NAME, GENDER_NAME, YEAR_NUM) VALUES(9, "Scarlet", "Human", "Female", 2014);

INSERT INTO LEGENDS(ID, NAME, RACE_NAME, GENDER_NAME, YEAR_NUM) VALUES(10, "Thatch", "Human", "Male", 2014);

INSERT INTO LEGENDS(ID, NAME, RACE_NAME, GENDER_NAME, YEAR_NUM) VALUES(11, "Ada", "Cyborg", "Female", 2014);
--Candidate for two races

INSERT INTO LEGENDS(ID, NAME, RACE_NAME, GENDER_NAME, YEAR_NUM) VALUES(12, "Sentinel", "Human", "Male", 2014);

INSERT INTO LEGENDS(ID, NAME, RACE_NAME, GENDER_NAME, YEAR_NUM) VALUES(13, "Lucien", "Human", "Male", 2015);

INSERT INTO LEGENDS(ID, NAME, RACE_NAME, GENDER_NAME, YEAR_NUM) VALUES(14, "Teros", "Minotaur", "Male", 2015);
--Candidate for two races

INSERT INTO LEGENDS(ID, NAME, RACE_NAME, GENDER_NAME, YEAR_NUM) VALUES(15, "Brynn", "Human", "Female", 2015);

INSERT INTO LEGENDS(ID, NAME, RACE_NAME, GENDER_NAME, YEAR_NUM) VALUES(16, "Asuri", "Tiger", "Female", 2015);

INSERT INTO LEGENDS(ID, NAME, RACE_NAME, GENDER_NAME, YEAR_NUM) VALUES(17, "Barraza", "Human", "Male", 2015);

INSERT INTO LEGENDS(ID, NAME, RACE_NAME, GENDER_NAME, YEAR_NUM) VALUES(18, "Ember", "Elf", "Female", 2015);

INSERT INTO LEGENDS(ID, NAME, RACE_NAME, GENDER_NAME, YEAR_NUM) VALUES(19, "Azoth", "Skeleton", "Male", 2016);

INSERT INTO LEGENDS(ID, NAME, RACE_NAME, GENDER_NAME, YEAR_NUM) VALUES(20, "Koji", "Human", "Male", 2016);

INSERT INTO LEGENDS(ID, NAME, RACE_NAME, GENDER_NAME, YEAR_NUM) VALUES(21, "Ulgrim", "Dwarf", "Male", 2016);

INSERT INTO LEGENDS(ID, NAME, RACE_NAME, GENDER_NAME, YEAR_NUM) VALUES(22, "Diana", "Human", "Female", 2016);

INSERT INTO LEGENDS(ID, NAME, RACE_NAME, GENDER_NAME, YEAR_NUM) VALUES(23, "Jhala", "Human", "Female", 2016);

INSERT INTO LEGENDS(ID, NAME, RACE_NAME, GENDER_NAME, YEAR_NUM) VALUES(24, "Kor", "Golem", "Male", 2016);

INSERT INTO LEGENDS(ID, NAME, RACE_NAME, GENDER_NAME, YEAR_NUM) VALUES(25, "Wu Shang", "Human", "Male", 2016);

INSERT INTO LEGENDS(ID, NAME, RACE_NAME, GENDER_NAME, YEAR_NUM) VALUES(26, "Val", "Cyborg", "Female", 2016);
--Candidate for two races

INSERT INTO LEGENDS(ID, NAME, RACE_NAME, GENDER_NAME, YEAR_NUM) VALUES(27, "Ragnir", "Dragon", "Male", 2016);

INSERT INTO LEGENDS(ID, NAME, RACE_NAME, GENDER_NAME, YEAR_NUM) VALUES(28, "Cross", "Human", "Male", 2016);

INSERT INTO LEGENDS(ID, NAME, RACE_NAME, GENDER_NAME, YEAR_NUM) VALUES(29, "Mirage", "Human", "Female", 2017);

INSERT INTO LEGENDS(ID, NAME, RACE_NAME, GENDER_NAME, YEAR_NUM) VALUES(30, "Nix", "Reaper", "Female", 2017);
--Candidate for two races

INSERT INTO LEGENDS(ID, NAME, RACE_NAME, GENDER_NAME, YEAR_NUM) VALUES(31, "Mordex", "Lycanthrope", "Male", 2017);
--Candidate for two races

INSERT INTO LEGENDS(ID, NAME, RACE_NAME, GENDER_NAME, YEAR_NUM) VALUES(32, "Yumiko", "Kitsune", "Female", 2017);
--Candidate for two races

INSERT INTO LEGENDS(ID, NAME, RACE_NAME, GENDER_NAME, YEAR_NUM) VALUES(33, "Artemis", "Demigod", "Female", 2017);
--Candidate for two races

INSERT INTO LEGENDS(ID, NAME, RACE_NAME, GENDER_NAME, YEAR_NUM) VALUES(34, "Caspian", "Human", "Male", 2017);

INSERT INTO LEGENDS(ID, NAME, RACE_NAME, GENDER_NAME, YEAR_NUM) VALUES(35, "Sidra", "Human", "Female", 2017);

INSERT INTO LEGENDS(ID, NAME, RACE_NAME, GENDER_NAME, YEAR_NUM) VALUES(36, "Xull", "Orc", "Male", 2017);

INSERT INTO LEGENDS(ID, NAME, RACE_NAME, GENDER_NAME, YEAR_NUM) VALUES(37, "Kaya", "Human", "Female", 2018);

INSERT INTO LEGENDS(ID, NAME, RACE_NAME, GENDER_NAME, YEAR_NUM) VALUES(38, "Isaiah", "Human", "Male", 2018);

INSERT INTO LEGENDS(ID, NAME, RACE_NAME, GENDER_NAME, YEAR_NUM) VALUES(39, "Jiro", "Human", "Male", 2018);
--Candidate for two races

INSERT INTO LEGENDS(ID, NAME, RACE_NAME, GENDER_NAME, YEAR_NUM) VALUES(40, "Lin Fei", "Human", "Female", 2018);

INSERT INTO LEGENDS(ID, NAME, RACE_NAME, GENDER_NAME, YEAR_NUM) VALUES(41, "Zariel", "Celestial Being", "Unknown", 2018);
--Candidate for two races

INSERT INTO LEGENDS(ID, NAME, RACE_NAME, GENDER_NAME, YEAR_NUM) VALUES(42, "Rayman", "Cartoon", "Male", 2018);
--Candidate for two races

INSERT INTO LEGENDS(ID, NAME, RACE_NAME, GENDER_NAME, YEAR_NUM) VALUES(43, "Dusk", "Elf", "Male", 2018);

INSERT INTO LEGENDS(ID, NAME, RACE_NAME, GENDER_NAME, YEAR_NUM) VALUES(44, "Fait", "Human", "Female", 2019);
--Candidate for two races

INSERT INTO LEGENDS(ID, NAME, RACE_NAME, GENDER_NAME, YEAR_NUM) VALUES(45, "Thor", "God", "Male", 2019);

INSERT INTO LEGENDS(ID, NAME, RACE_NAME, GENDER_NAME, YEAR_NUM) VALUES(46, "Petra", "Alien", "Female", 2019);
--Candidate for two races

INSERT INTO LEGENDS(ID, NAME, RACE_NAME, GENDER_NAME, YEAR_NUM) VALUES(47, "Vector", "Robot", "Male", 2019);

INSERT INTO LEGENDS(ID, NAME, RACE_NAME, GENDER_NAME, YEAR_NUM) VALUES(48, "Volkov", "Vampire", "Male", 2019);
--Candidate for two races

INSERT INTO LEGENDS(ID, NAME, RACE_NAME, GENDER_NAME, YEAR_NUM) VALUES(49, "Onix", "Gargoyle", "Female", 2020);

INSERT INTO LEGENDS(ID, NAME, RACE_NAME, GENDER_NAME, YEAR_NUM) VALUES(50, "Jaeyun", "Human", "Male", 2020);

INSERT INTO LEGENDS(ID, NAME, RACE_NAME, GENDER_NAME, YEAR_NUM) VALUES(51, "Mako", "Shark", "Female", 2020);

INSERT INTO LEGENDS(ID, NAME, RACE_NAME, GENDER_NAME, YEAR_NUM) VALUES(52, "Magyar", "Souls", "Unknown", 2021);
--Candidate for two races

INSERT INTO LEGENDS(ID, NAME, RACE_NAME, GENDER_NAME, YEAR_NUM) VALUES(53, "Reno", "Bug", "Male", 2021);
--Candidate for two races

INSERT INTO LEGENDS(ID, NAME, RACE_NAME, GENDER_NAME, YEAR_NUM) VALUES(54, "Munin", "Bird", "Female", 2021);

INSERT INTO LEGENDS(ID, NAME, RACE_NAME, GENDER_NAME, YEAR_NUM) VALUES(55, "Arcadia", "Fairy", "Female", 2022);

INSERT INTO LEGENDS(ID, NAME, RACE_NAME, GENDER_NAME, YEAR_NUM) VALUES(56, "Ezio", "Human", "Male", 2022);

INSERT INTO LEGENDS(ID, NAME, RACE_NAME, GENDER_NAME, YEAR_NUM) VALUES(57, "Tezca", "Human", "Male", 2022);

INSERT INTO LEGENDS(ID, NAME, RACE_NAME, GENDER_NAME, YEAR_NUM) VALUES(58, "Thea", "Human", "Female", 2023);
--Candidate for two races

INSERT INTO LEGENDS(ID, NAME, RACE_NAME, GENDER_NAME, YEAR_NUM) VALUES(59, "Red Raptor", "Human", "Male", 2023);

--Weapons

INSERT INTO WEAPONS(NAME) VALUES("Grapple Hammer");
INSERT INTO WEAPONS(NAME) VALUES("Sword");
INSERT INTO WEAPONS(NAME) VALUES("Blasters");
INSERT INTO WEAPONS(NAME) VALUES("Rocket Lance");
INSERT INTO WEAPONS(NAME) VALUES("Spear");
INSERT INTO WEAPONS(NAME) VALUES("Katars");
INSERT INTO WEAPONS(NAME) VALUES("Axe");
INSERT INTO WEAPONS(NAME) VALUES("Bow");
INSERT INTO WEAPONS(NAME) VALUES("Gauntlets");
INSERT INTO WEAPONS(NAME) VALUES("Scythe");
INSERT INTO WEAPONS(NAME) VALUES("Cannon");
INSERT INTO WEAPONS(NAME) VALUES("Orb");
INSERT INTO WEAPONS(NAME) VALUES("Greatsword");
INSERT INTO WEAPONS(NAME) VALUES("Battle Boots");

--Legends_Weapons

INSERT INTO LEGENDS_WEAPONS(LEGEND_ID, WEAPON_NAME) VALUES(1, "Grapple Hammer");
INSERT INTO LEGENDS_WEAPONS(LEGEND_ID, WEAPON_NAME) VALUES(1, "Sword");

INSERT INTO LEGENDS_WEAPONS(LEGEND_ID, WEAPON_NAME) VALUES(2, "Blasters");
INSERT INTO LEGENDS_WEAPONS(LEGEND_ID, WEAPON_NAME) VALUES(2, "Grapple Hammer");

INSERT INTO LEGENDS_WEAPONS(LEGEND_ID, WEAPON_NAME) VALUES(3, "Rocket Lance");
INSERT INTO LEGENDS_WEAPONS(LEGEND_ID, WEAPON_NAME) VALUES(3, "Spear");

INSERT INTO LEGENDS_WEAPONS(LEGEND_ID, WEAPON_NAME) VALUES(4, "Blasters");
INSERT INTO LEGENDS_WEAPONS(LEGEND_ID, WEAPON_NAME) VALUES(4, "Rocket Lance");

INSERT INTO LEGENDS_WEAPONS(LEGEND_ID, WEAPON_NAME) VALUES(5, "Grapple Hammer");
INSERT INTO LEGENDS_WEAPONS(LEGEND_ID, WEAPON_NAME) VALUES(5, "Spear");

INSERT INTO LEGENDS_WEAPONS(LEGEND_ID, WEAPON_NAME) VALUES(6, "Katars");
INSERT INTO LEGENDS_WEAPONS(LEGEND_ID, WEAPON_NAME) VALUES(6, "Spear");

INSERT INTO LEGENDS_WEAPONS(LEGEND_ID, WEAPON_NAME) VALUES(7, "Spear");
INSERT INTO LEGENDS_WEAPONS(LEGEND_ID, WEAPON_NAME) VALUES(7, "Sword");

INSERT INTO LEGENDS_WEAPONS(LEGEND_ID, WEAPON_NAME) VALUES(8, "Rocket Lance");
INSERT INTO LEGENDS_WEAPONS(LEGEND_ID, WEAPON_NAME) VALUES(8, "Sword");

INSERT INTO LEGENDS_WEAPONS(LEGEND_ID, WEAPON_NAME) VALUES(9, "Grapple Hammer");
INSERT INTO LEGENDS_WEAPONS(LEGEND_ID, WEAPON_NAME) VALUES(9, "Rocket Lance");

INSERT INTO LEGENDS_WEAPONS(LEGEND_ID, WEAPON_NAME) VALUES(10, "Blasters");
INSERT INTO LEGENDS_WEAPONS(LEGEND_ID, WEAPON_NAME) VALUES(10, "Sword");

INSERT INTO LEGENDS_WEAPONS(LEGEND_ID, WEAPON_NAME) VALUES(11, "Spear");
INSERT INTO LEGENDS_WEAPONS(LEGEND_ID, WEAPON_NAME) VALUES(11, "Blasters");

INSERT INTO LEGENDS_WEAPONS(LEGEND_ID, WEAPON_NAME) VALUES(12, "Katars");
INSERT INTO LEGENDS_WEAPONS(LEGEND_ID, WEAPON_NAME) VALUES(12, "Grapple Hammer");

INSERT INTO LEGENDS_WEAPONS(LEGEND_ID, WEAPON_NAME) VALUES(13, "Blasters");
INSERT INTO LEGENDS_WEAPONS(LEGEND_ID, WEAPON_NAME) VALUES(13, "Katars");

INSERT INTO LEGENDS_WEAPONS(LEGEND_ID, WEAPON_NAME) VALUES(14, "Grapple Hammer");
INSERT INTO LEGENDS_WEAPONS(LEGEND_ID, WEAPON_NAME) VALUES(14, "Axe");

INSERT INTO LEGENDS_WEAPONS(LEGEND_ID, WEAPON_NAME) VALUES(15, "Axe");
INSERT INTO LEGENDS_WEAPONS(LEGEND_ID, WEAPON_NAME) VALUES(15, "Spear");

INSERT INTO LEGENDS_WEAPONS(LEGEND_ID, WEAPON_NAME) VALUES(16, "Sword");
INSERT INTO LEGENDS_WEAPONS(LEGEND_ID, WEAPON_NAME) VALUES(16, "Katars");

INSERT INTO LEGENDS_WEAPONS(LEGEND_ID, WEAPON_NAME) VALUES(17, "Blasters");
INSERT INTO LEGENDS_WEAPONS(LEGEND_ID, WEAPON_NAME) VALUES(17, "Axe");

INSERT INTO LEGENDS_WEAPONS(LEGEND_ID, WEAPON_NAME) VALUES(18, "Bow");
INSERT INTO LEGENDS_WEAPONS(LEGEND_ID, WEAPON_NAME) VALUES(18, "Katars");

INSERT INTO LEGENDS_WEAPONS(LEGEND_ID, WEAPON_NAME) VALUES(19, "Axe");
INSERT INTO LEGENDS_WEAPONS(LEGEND_ID, WEAPON_NAME) VALUES(19, "Bow");

INSERT INTO LEGENDS_WEAPONS(LEGEND_ID, WEAPON_NAME) VALUES(20, "Bow");
INSERT INTO LEGENDS_WEAPONS(LEGEND_ID, WEAPON_NAME) VALUES(20, "Sword");

INSERT INTO LEGENDS_WEAPONS(LEGEND_ID, WEAPON_NAME) VALUES(21, "Rocket Lance");
INSERT INTO LEGENDS_WEAPONS(LEGEND_ID, WEAPON_NAME) VALUES(21, "Axe");

INSERT INTO LEGENDS_WEAPONS(LEGEND_ID, WEAPON_NAME) VALUES(22, "Bow");
INSERT INTO LEGENDS_WEAPONS(LEGEND_ID, WEAPON_NAME) VALUES(22, "Blasters");

INSERT INTO LEGENDS_WEAPONS(LEGEND_ID, WEAPON_NAME) VALUES(23, "Sword");
INSERT INTO LEGENDS_WEAPONS(LEGEND_ID, WEAPON_NAME) VALUES(23, "Axe");

INSERT INTO LEGENDS_WEAPONS(LEGEND_ID, WEAPON_NAME) VALUES(24, "Grapple Hammer");
INSERT INTO LEGENDS_WEAPONS(LEGEND_ID, WEAPON_NAME) VALUES(24, "Gauntlets");

INSERT INTO LEGENDS_WEAPONS(LEGEND_ID, WEAPON_NAME) VALUES(25, "Gauntlets");
INSERT INTO LEGENDS_WEAPONS(LEGEND_ID, WEAPON_NAME) VALUES(25, "Spear");

INSERT INTO LEGENDS_WEAPONS(LEGEND_ID, WEAPON_NAME) VALUES(26, "Sword");
INSERT INTO LEGENDS_WEAPONS(LEGEND_ID, WEAPON_NAME) VALUES(26, "Gauntlets");

INSERT INTO LEGENDS_WEAPONS(LEGEND_ID, WEAPON_NAME) VALUES(27, "Katars");
INSERT INTO LEGENDS_WEAPONS(LEGEND_ID, WEAPON_NAME) VALUES(27, "Axe");

INSERT INTO LEGENDS_WEAPONS(LEGEND_ID, WEAPON_NAME) VALUES(28, "Gauntlets");
INSERT INTO LEGENDS_WEAPONS(LEGEND_ID, WEAPON_NAME) VALUES(28, "Blasters");

INSERT INTO LEGENDS_WEAPONS(LEGEND_ID, WEAPON_NAME) VALUES(29, "Scythe");
INSERT INTO LEGENDS_WEAPONS(LEGEND_ID, WEAPON_NAME) VALUES(29, "Spear");

INSERT INTO LEGENDS_WEAPONS(LEGEND_ID, WEAPON_NAME) VALUES(30, "Blasters");
INSERT INTO LEGENDS_WEAPONS(LEGEND_ID, WEAPON_NAME) VALUES(30, "Scythe");

INSERT INTO LEGENDS_WEAPONS(LEGEND_ID, WEAPON_NAME) VALUES(31, "Gauntlets");
INSERT INTO LEGENDS_WEAPONS(LEGEND_ID, WEAPON_NAME) VALUES(31, "Scythe");

INSERT INTO LEGENDS_WEAPONS(LEGEND_ID, WEAPON_NAME) VALUES(32, "Grapple Hammer");
INSERT INTO LEGENDS_WEAPONS(LEGEND_ID, WEAPON_NAME) VALUES(32, "Bow");

INSERT INTO LEGENDS_WEAPONS(LEGEND_ID, WEAPON_NAME) VALUES(33, "Scythe");
INSERT INTO LEGENDS_WEAPONS(LEGEND_ID, WEAPON_NAME) VALUES(33, "Rocket Lance");

INSERT INTO LEGENDS_WEAPONS(LEGEND_ID, WEAPON_NAME) VALUES(34, "Gauntlets");
INSERT INTO LEGENDS_WEAPONS(LEGEND_ID, WEAPON_NAME) VALUES(34, "Katars");

INSERT INTO LEGENDS_WEAPONS(LEGEND_ID, WEAPON_NAME) VALUES(35, "Sword");
INSERT INTO LEGENDS_WEAPONS(LEGEND_ID, WEAPON_NAME) VALUES(35, "Cannon");

INSERT INTO LEGENDS_WEAPONS(LEGEND_ID, WEAPON_NAME) VALUES(36, "Axe");
INSERT INTO LEGENDS_WEAPONS(LEGEND_ID, WEAPON_NAME) VALUES(36, "Cannon");

INSERT INTO LEGENDS_WEAPONS(LEGEND_ID, WEAPON_NAME) VALUES(37, "Spear");
INSERT INTO LEGENDS_WEAPONS(LEGEND_ID, WEAPON_NAME) VALUES(37, "Bow");

INSERT INTO LEGENDS_WEAPONS(LEGEND_ID, WEAPON_NAME) VALUES(38, "Cannon");
INSERT INTO LEGENDS_WEAPONS(LEGEND_ID, WEAPON_NAME) VALUES(38, "Blasters");

INSERT INTO LEGENDS_WEAPONS(LEGEND_ID, WEAPON_NAME) VALUES(39, "Scythe");
INSERT INTO LEGENDS_WEAPONS(LEGEND_ID, WEAPON_NAME) VALUES(39, "Sword");

INSERT INTO LEGENDS_WEAPONS(LEGEND_ID, WEAPON_NAME) VALUES(40, "Katars");
INSERT INTO LEGENDS_WEAPONS(LEGEND_ID, WEAPON_NAME) VALUES(40, "Cannon");

INSERT INTO LEGENDS_WEAPONS(LEGEND_ID, WEAPON_NAME) VALUES(41, "Bow");
INSERT INTO LEGENDS_WEAPONS(LEGEND_ID, WEAPON_NAME) VALUES(41, "Gauntlets");

INSERT INTO LEGENDS_WEAPONS(LEGEND_ID, WEAPON_NAME) VALUES(42, "Axe");
INSERT INTO LEGENDS_WEAPONS(LEGEND_ID, WEAPON_NAME) VALUES(42, "Gauntlets");

INSERT INTO LEGENDS_WEAPONS(LEGEND_ID, WEAPON_NAME) VALUES(43, "Orb");
INSERT INTO LEGENDS_WEAPONS(LEGEND_ID, WEAPON_NAME) VALUES(43, "Spear");

INSERT INTO LEGENDS_WEAPONS(LEGEND_ID, WEAPON_NAME) VALUES(44, "Scythe");
INSERT INTO LEGENDS_WEAPONS(LEGEND_ID, WEAPON_NAME) VALUES(44, "Orb");

INSERT INTO LEGENDS_WEAPONS(LEGEND_ID, WEAPON_NAME) VALUES(45, "Grapple Hammer");
INSERT INTO LEGENDS_WEAPONS(LEGEND_ID, WEAPON_NAME) VALUES(45, "Orb");

INSERT INTO LEGENDS_WEAPONS(LEGEND_ID, WEAPON_NAME) VALUES(46, "Orb");
INSERT INTO LEGENDS_WEAPONS(LEGEND_ID, WEAPON_NAME) VALUES(46, "Gauntlets");

INSERT INTO LEGENDS_WEAPONS(LEGEND_ID, WEAPON_NAME) VALUES(47, "Rocket Lance");
INSERT INTO LEGENDS_WEAPONS(LEGEND_ID, WEAPON_NAME) VALUES(47, "Bow");

INSERT INTO LEGENDS_WEAPONS(LEGEND_ID, WEAPON_NAME) VALUES(48, "Axe");
INSERT INTO LEGENDS_WEAPONS(LEGEND_ID, WEAPON_NAME) VALUES(48, "Scythe");

INSERT INTO LEGENDS_WEAPONS(LEGEND_ID, WEAPON_NAME) VALUES(49, "Cannon");
INSERT INTO LEGENDS_WEAPONS(LEGEND_ID, WEAPON_NAME) VALUES(49, "Gauntlets");

INSERT INTO LEGENDS_WEAPONS(LEGEND_ID, WEAPON_NAME) VALUES(50, "Greatsword");
INSERT INTO LEGENDS_WEAPONS(LEGEND_ID, WEAPON_NAME) VALUES(50, "Sword");

INSERT INTO LEGENDS_WEAPONS(LEGEND_ID, WEAPON_NAME) VALUES(51, "Katars");
INSERT INTO LEGENDS_WEAPONS(LEGEND_ID, WEAPON_NAME) VALUES(51, "Greatsword");

INSERT INTO LEGENDS_WEAPONS(LEGEND_ID, WEAPON_NAME) VALUES(52, "Greatsword");
INSERT INTO LEGENDS_WEAPONS(LEGEND_ID, WEAPON_NAME) VALUES(52, "Grapple Hammer");

INSERT INTO LEGENDS_WEAPONS(LEGEND_ID, WEAPON_NAME) VALUES(53, "Blasters");
INSERT INTO LEGENDS_WEAPONS(LEGEND_ID, WEAPON_NAME) VALUES(53, "Orb");

INSERT INTO LEGENDS_WEAPONS(LEGEND_ID, WEAPON_NAME) VALUES(54, "Scythe");
INSERT INTO LEGENDS_WEAPONS(LEGEND_ID, WEAPON_NAME) VALUES(54, "Bow");

INSERT INTO LEGENDS_WEAPONS(LEGEND_ID, WEAPON_NAME) VALUES(55, "Spear");
INSERT INTO LEGENDS_WEAPONS(LEGEND_ID, WEAPON_NAME) VALUES(55, "Greatsword");

INSERT INTO LEGENDS_WEAPONS(LEGEND_ID, WEAPON_NAME) VALUES(56, "Sword");
INSERT INTO LEGENDS_WEAPONS(LEGEND_ID, WEAPON_NAME) VALUES(56, "Orb");

INSERT INTO LEGENDS_WEAPONS(LEGEND_ID, WEAPON_NAME) VALUES(57, "Gauntlets");
INSERT INTO LEGENDS_WEAPONS(LEGEND_ID, WEAPON_NAME) VALUES(57, "Battle Boots");

INSERT INTO LEGENDS_WEAPONS(LEGEND_ID, WEAPON_NAME) VALUES(58, "Battle Boots");
INSERT INTO LEGENDS_WEAPONS(LEGEND_ID, WEAPON_NAME) VALUES(58, "Rocket Lance");

INSERT INTO LEGENDS_WEAPONS(LEGEND_ID, WEAPON_NAME) VALUES(59, "Orb");
INSERT INTO LEGENDS_WEAPONS(LEGEND_ID, WEAPON_NAME) VALUES(59, "Battle Boots");

--Games

--Roles

--Users

--Games_Users