--Races

INSERT INTO RACES(NAME) VALUES("Cyborg");
INSERT INTO RACES(NAME) VALUES("Human/Bear");
INSERT INTO RACES(NAME) VALUES("Human");
INSERT INTO RACES(NAME) VALUES("Dwarf");
INSERT INTO RACES(NAME) VALUES("Elf");
INSERT INTO RACES(NAME) VALUES("Faerie");
INSERT INTO RACES(NAME) VALUES("Unknown");
INSERT INTO RACES(NAME) VALUES("Alien");
INSERT INTO RACES(NAME) VALUES("Human/Demon");
INSERT INTO RACES(NAME) VALUES("Minotaur");
INSERT INTO RACES(NAME) VALUES("Tiger");
INSERT INTO RACES(NAME) VALUES("Skeleton");
INSERT INTO RACES(NAME) VALUES("Orc");

--Genders

INSERT INTO GENDERS(NAME) VALUES("Male");
INSERT INTO GENDERS(NAME) VALUES("Female");
INSERT INTO GENDERS(NAME) VALUES("Unknown");

--Years

INSERT INTO YEARS(NUM) VALUES(2014);
INSERT INTO YEARS(NUM) VALUES(2015);
INSERT INTO YEARS(NUM) VALUES(2016);
INSERT INTO YEARS(NUM) VALUES(2017);
INSERT INTO YEARS(NUM) VALUES(2018);
INSERT INTO YEARS(NUM) VALUES(2019);
INSERT INTO YEARS(NUM) VALUES(2020);
INSERT INTO YEARS(NUM) VALUES(2021);
INSERT INTO YEARS(NUM) VALUES(2022);
INSERT INTO YEARS(NUM) VALUES(2023);

--Legends, in release order

INSERT INTO LEGENDS(ID, NAME, RACE_NAME, GENDER_NAME, YEAR_NUM) VALUES(NULL, "Bödvar", "Human/Bear", "Male", 2014);

INSERT INTO LEGENDS(ID, NAME, RACE_NAME, GENDER_NAME, YEAR_NUM) VALUES(NULL, "Cassidy", "Human", "Female", 2014);

INSERT INTO LEGENDS(ID, NAME, RACE_NAME, GENDER_NAME, YEAR_NUM) VALUES(NULL, "Orion", "Unknown", "Male", 2014);

INSERT INTO LEGENDS(ID, NAME, RACE_NAME, GENDER_NAME, YEAR_NUM) VALUES(NULL, "Lord Vraxx", "Alien", "Male", 2014);

INSERT INTO LEGENDS(ID, NAME, RACE_NAME, GENDER_NAME, YEAR_NUM) VALUES(NULL, "Gnash", "Human", "Male", 2014);

INSERT INTO LEGENDS(ID, NAME, RACE_NAME, GENDER_NAME, YEAR_NUM) VALUES(NULL, "Queen Nai", "Human", "Female", 2014);

INSERT INTO LEGENDS(ID, NAME, RACE_NAME, GENDER_NAME, YEAR_NUM) VALUES(NULL, "Hattori", "Human", "Female", 2014);

INSERT INTO LEGENDS(ID, NAME, RACE_NAME, GENDER_NAME, YEAR_NUM) VALUES(NULL, "Sir Roland", "Human", "Male", 2014);

INSERT INTO LEGENDS(ID, NAME, RACE_NAME, GENDER_NAME, YEAR_NUM) VALUES(NULL, "Scarlet", "Human", "Female", 2014);

INSERT INTO LEGENDS(ID, NAME, RACE_NAME, GENDER_NAME, YEAR_NUM) VALUES(NULL, "Thatch", "Human", "Male", 2014);

INSERT INTO LEGENDS(ID, NAME, RACE_NAME, GENDER_NAME, YEAR_NUM) VALUES(NULL, "Ada", "Cyborg", "Female", 2014);

INSERT INTO LEGENDS(ID, NAME, RACE_NAME, GENDER_NAME, YEAR_NUM) VALUES(NULL, "Sentinel", "Human", "Male", 2014);

INSERT INTO LEGENDS(ID, NAME, RACE_NAME, GENDER_NAME, YEAR_NUM) VALUES(NULL, "Lucien", "Human", "Male", 2015);

INSERT INTO LEGENDS(ID, NAME, RACE_NAME, GENDER_NAME, YEAR_NUM) VALUES(NULL, "Teros", "Minotaur", "Male", 2015);

INSERT INTO LEGENDS(ID, NAME, RACE_NAME, GENDER_NAME, YEAR_NUM) VALUES(NULL, "Brynn", "Human", "Female", 2015);

INSERT INTO LEGENDS(ID, NAME, RACE_NAME, GENDER_NAME, YEAR_NUM) VALUES(NULL, "Asuri", "Tiger", "Female", 2015);

INSERT INTO LEGENDS(ID, NAME, RACE_NAME, GENDER_NAME, YEAR_NUM) VALUES(NULL, "Barraza", "Human", "Male", 2015);

INSERT INTO LEGENDS(ID, NAME, RACE_NAME, GENDER_NAME, YEAR_NUM) VALUES(NULL, "Ember", "Elf", "Female", 2015);

INSERT INTO LEGENDS(ID, NAME, RACE_NAME, GENDER_NAME, YEAR_NUM) VALUES(NULL, "Azoth", "Skeleton", "Male", 2016);`

INSERT INTO LEGENDS(ID, NAME, RACE_NAME, GENDER_NAME, YEAR_NUM) VALUES(NULL, "Koji", "Human", "Male", 2016);

INSERT INTO LEGENDS(ID, NAME, RACE_NAME, GENDER_NAME, YEAR_NUM) VALUES(NULL, "Ulgrim", "Dwarf", "Male", 2016);

INSERT INTO LEGENDS(ID, NAME, RACE_NAME, GENDER_NAME, YEAR_NUM) VALUES(NULL, "Diana", "Human", "Female", 2016);

--Weapons

INSERT INTO WEAPONS(NAME) VALUES("Grapple Hammer");
INSERT INTO WEAPONS(NAME) VALUES("Sword");
INSERT INTO WEAPONS(NAME) VALUES("Blasters");
INSERT INTO WEAPONS(NAME) VALUES("Rocket Lance");
INSERT INTO WEAPONS(NAME) VALUES("Spear");
INSERT INTO WEAPONS(NAME) VALUES("Katars");
INSERT INTO WEAPONS(NAME) VALUES("Axe");
INSERT INTO WEAPONS(NAME) VALUES("Bow");
INSERT INTO WEAPONS(NAME) VALUES("Gauntlets");
INSERT INTO WEAPONS(NAME) VALUES("Scythe");
INSERT INTO WEAPONS(NAME) VALUES("Cannon");
INSERT INTO WEAPONS(NAME) VALUES("Orb");
INSERT INTO WEAPONS(NAME) VALUES("Greatsword");
INSERT INTO WEAPONS(NAME) VALUES("Battle Boots");

--Legends_Weapons

--Games

--Roles

--Users

--Games_Users