--Races

INSERT INTO RACES(NAME) VALUES("Human-like");
INSERT INTO RACES(NAME) VALUES("Fictional Creature");
INSERT INTO RACES(NAME) VALUES("Animal-like");
INSERT INTO RACES(NAME) VALUES("Robot-like");
INSERT INTO RACES(NAME) VALUES("God-like");

--Genders

INSERT INTO GENDERS(NAME) VALUES("Male");
INSERT INTO GENDERS(NAME) VALUES("Female");
INSERT INTO GENDERS(NAME) VALUES("Unknown");

--Years

INSERT INTO YEARS(NUM) VALUES(2014);
INSERT INTO YEARS(NUM) VALUES(2015);
INSERT INTO YEARS(NUM) VALUES(2016);
INSERT INTO YEARS(NUM) VALUES(2017);
INSERT INTO YEARS(NUM) VALUES(2018);
INSERT INTO YEARS(NUM) VALUES(2019);
INSERT INTO YEARS(NUM) VALUES(2020);
INSERT INTO YEARS(NUM) VALUES(2021);
INSERT INTO YEARS(NUM) VALUES(2022);
INSERT INTO YEARS(NUM) VALUES(2023);

--Legends, in release order

INSERT INTO LEGENDS(ID, NAME, RACE_NAME, GENDER_NAME, YEAR_NUM) VALUES(1, "Bödvar", "Human/Bear", "Male", 2014);--Candidate for two races

INSERT INTO LEGENDS(ID, NAME, RACE_NAME, GENDER_NAME, YEAR_NUM) VALUES(2, "Cassidy", "Human", "Female", 2014);

INSERT INTO LEGENDS(ID, NAME, RACE_NAME, GENDER_NAME, YEAR_NUM) VALUES(3, "Orion", "Unknown", "Male", 2014);
--Candidate for two races

INSERT INTO LEGENDS(ID, NAME, RACE_NAME, GENDER_NAME, YEAR_NUM) VALUES(4, "Lord Vraxx", "Alien", "Male", 2014);

INSERT INTO LEGENDS(ID, NAME, RACE_NAME, GENDER_NAME, YEAR_NUM) VALUES(5, "Gnash", "Human", "Male", 2014);

INSERT INTO LEGENDS(ID, NAME, RACE_NAME, GENDER_NAME, YEAR_NUM) VALUES(6, "Queen Nai", "Human", "Female", 2014);

INSERT INTO LEGENDS(ID, NAME, RACE_NAME, GENDER_NAME, YEAR_NUM) VALUES(7, "Hattori", "Human", "Female", 2014);
--Candidate for two races

INSERT INTO LEGENDS(ID, NAME, RACE_NAME, GENDER_NAME, YEAR_NUM) VALUES(8, "Sir Roland", "Human", "Male", 2014);

INSERT INTO LEGENDS(ID, NAME, RACE_NAME, GENDER_NAME, YEAR_NUM) VALUES(9, "Scarlet", "Human", "Female", 2014);

INSERT INTO LEGENDS(ID, NAME, RACE_NAME, GENDER_NAME, YEAR_NUM) VALUES(10, "Thatch", "Human", "Male", 2014);

INSERT INTO LEGENDS(ID, NAME, RACE_NAME, GENDER_NAME, YEAR_NUM) VALUES(11, "Ada", "Cyborg", "Female", 2014);
--Candidate for two races

INSERT INTO LEGENDS(ID, NAME, RACE_NAME, GENDER_NAME, YEAR_NUM) VALUES(12, "Sentinel", "Human", "Male", 2014);

INSERT INTO LEGENDS(ID, NAME, RACE_NAME, GENDER_NAME, YEAR_NUM) VALUES(13, "Lucien", "Human", "Male", 2015);

INSERT INTO LEGENDS(ID, NAME, RACE_NAME, GENDER_NAME, YEAR_NUM) VALUES(14, "Teros", "Minotaur", "Male", 2015);
--Candidate for two races

INSERT INTO LEGENDS(ID, NAME, RACE_NAME, GENDER_NAME, YEAR_NUM) VALUES(15, "Brynn", "Human", "Female", 2015);

INSERT INTO LEGENDS(ID, NAME, RACE_NAME, GENDER_NAME, YEAR_NUM) VALUES(16, "Asuri", "Tiger", "Female", 2015);

INSERT INTO LEGENDS(ID, NAME, RACE_NAME, GENDER_NAME, YEAR_NUM) VALUES(17, "Barraza", "Human", "Male", 2015);

INSERT INTO LEGENDS(ID, NAME, RACE_NAME, GENDER_NAME, YEAR_NUM) VALUES(18, "Ember", "Elf", "Female", 2015);

INSERT INTO LEGENDS(ID, NAME, RACE_NAME, GENDER_NAME, YEAR_NUM) VALUES(19, "Azoth", "Skeleton", "Male", 2016);

INSERT INTO LEGENDS(ID, NAME, RACE_NAME, GENDER_NAME, YEAR_NUM) VALUES(20, "Koji", "Human", "Male", 2016);

INSERT INTO LEGENDS(ID, NAME, RACE_NAME, GENDER_NAME, YEAR_NUM) VALUES(21, "Ulgrim", "Dwarf", "Male", 2016);

INSERT INTO LEGENDS(ID, NAME, RACE_NAME, GENDER_NAME, YEAR_NUM) VALUES(22, "Diana", "Human", "Female", 2016);

INSERT INTO LEGENDS(ID, NAME, RACE_NAME, GENDER_NAME, YEAR_NUM) VALUES(23, "Jhala", "Human", "Female", 2016);

INSERT INTO LEGENDS(ID, NAME, RACE_NAME, GENDER_NAME, YEAR_NUM) VALUES(24, "Kor", "Golem", "Male", 2016);

INSERT INTO LEGENDS(ID, NAME, RACE_NAME, GENDER_NAME, YEAR_NUM) VALUES(25, "Wu Shang", "Human", "Male", 2016);

INSERT INTO LEGENDS(ID, NAME, RACE_NAME, GENDER_NAME, YEAR_NUM) VALUES(26, "Val", "Cyborg", "Female", 2016);
--Candidate for two races

INSERT INTO LEGENDS(ID, NAME, RACE_NAME, GENDER_NAME, YEAR_NUM) VALUES(27, "Ragnir", "Dragon", "Male", 2016);

INSERT INTO LEGENDS(ID, NAME, RACE_NAME, GENDER_NAME, YEAR_NUM) VALUES(28, "Cross", "Human", "Male", 2016);

INSERT INTO LEGENDS(ID, NAME, RACE_NAME, GENDER_NAME, YEAR_NUM) VALUES(29, "Mirage", "Human", "Female", 2017);

INSERT INTO LEGENDS(ID, NAME, RACE_NAME, GENDER_NAME, YEAR_NUM) VALUES(30, "Nix", "Reaper", "Female", 2017);
--Candidate for two races

INSERT INTO LEGENDS(ID, NAME, RACE_NAME, GENDER_NAME, YEAR_NUM) VALUES(31, "Mordex", "Lycanthrope", "Male", 2017);
--Candidate for two races

INSERT INTO LEGENDS(ID, NAME, RACE_NAME, GENDER_NAME, YEAR_NUM) VALUES(32, "Yumiko", "Kitsune", "Female", 2017);
--Candidate for two races

INSERT INTO LEGENDS(ID, NAME, RACE_NAME, GENDER_NAME, YEAR_NUM) VALUES(33, "Artemis", "Demigod", "Female", 2017);
--Candidate for two races

INSERT INTO LEGENDS(ID, NAME, RACE_NAME, GENDER_NAME, YEAR_NUM) VALUES(34, "Caspian", "Human", "Male", 2017);

INSERT INTO LEGENDS(ID, NAME, RACE_NAME, GENDER_NAME, YEAR_NUM) VALUES(35, "Sidra", "Human", "Female", 2017);

INSERT INTO LEGENDS(ID, NAME, RACE_NAME, GENDER_NAME, YEAR_NUM) VALUES(36, "Xull", "Orc", "Male", 2017);

INSERT INTO LEGENDS(ID, NAME, RACE_NAME, GENDER_NAME, YEAR_NUM) VALUES(37, "Kaya", "Human", "Female", 2018);

INSERT INTO LEGENDS(ID, NAME, RACE_NAME, GENDER_NAME, YEAR_NUM) VALUES(38, "Isaiah", "Human", "Male", 2018);

INSERT INTO LEGENDS(ID, NAME, RACE_NAME, GENDER_NAME, YEAR_NUM) VALUES(39, "Jiro", "Human", "Male", 2018);
--Candidate for two races

INSERT INTO LEGENDS(ID, NAME, RACE_NAME, GENDER_NAME, YEAR_NUM) VALUES(40, "Lin Fei", "Human", "Female", 2018);

INSERT INTO LEGENDS(ID, NAME, RACE_NAME, GENDER_NAME, YEAR_NUM) VALUES(41, "Zariel", "Celestial Being", "Unknown", 2018);
--Candidate for two races

INSERT INTO LEGENDS(ID, NAME, RACE_NAME, GENDER_NAME, YEAR_NUM) VALUES(42, "Rayman", "Cartoon", "Male", 2018);
--Candidate for two races

INSERT INTO LEGENDS(ID, NAME, RACE_NAME, GENDER_NAME, YEAR_NUM) VALUES(43, "Dusk", "Elf", "Male", 2018);

INSERT INTO LEGENDS(ID, NAME, RACE_NAME, GENDER_NAME, YEAR_NUM) VALUES(44, "Faith", "Human", "Female", 2019);
--Candidate for two races

INSERT INTO LEGENDS(ID, NAME, RACE_NAME, GENDER_NAME, YEAR_NUM) VALUES(45, "Thor", "God", "Male", 2019);

INSERT INTO LEGENDS(ID, NAME, RACE_NAME, GENDER_NAME, YEAR_NUM) VALUES(46, "Petra", "Alien", "Female", 2019);
--Candidate for two races

INSERT INTO LEGENDS(ID, NAME, RACE_NAME, GENDER_NAME, YEAR_NUM) VALUES(47, "Vector", "Robot", "Male", 2019);

INSERT INTO LEGENDS(ID, NAME, RACE_NAME, GENDER_NAME, YEAR_NUM) VALUES(48, "Volkov", "Vampire", "Male", 2019);
--Candidate for two races

INSERT INTO LEGENDS(ID, NAME, RACE_NAME, GENDER_NAME, YEAR_NUM) VALUES(49, "Onix", "Gargoyle", "Female", 2020);

INSERT INTO LEGENDS(ID, NAME, RACE_NAME, GENDER_NAME, YEAR_NUM) VALUES(50, "Jaeyun", "Human", "Male", 2020);

INSERT INTO LEGENDS(ID, NAME, RACE_NAME, GENDER_NAME, YEAR_NUM) VALUES(51, "Mako", "Shark", "Female", 2020);

INSERT INTO LEGENDS(ID, NAME, RACE_NAME, GENDER_NAME, YEAR_NUM) VALUES(52, "Magyar", "Souls", "Unknown", 2021);
--Candidate for two races

INSERT INTO LEGENDS(ID, NAME, RACE_NAME, GENDER_NAME, YEAR_NUM) VALUES(53, "Reno", "Bug", "Male", 2021);
--Candidate for two races

INSERT INTO LEGENDS(ID, NAME, RACE_NAME, GENDER_NAME, YEAR_NUM) VALUES(54, "Munin", "Bird", "Female", 2021);

INSERT INTO LEGENDS(ID, NAME, RACE_NAME, GENDER_NAME, YEAR_NUM) VALUES(55, "Arcadia", "Fairy", "Female", 2022);

INSERT INTO LEGENDS(ID, NAME, RACE_NAME, GENDER_NAME, YEAR_NUM) VALUES(56, "Ezio", "Human", "Male", 2022);

INSERT INTO LEGENDS(ID, NAME, RACE_NAME, GENDER_NAME, YEAR_NUM) VALUES(57, "Tezca", "Human", "Male", 2022);

INSERT INTO LEGENDS(ID, NAME, RACE_NAME, GENDER_NAME, YEAR_NUM) VALUES(58, "Thea", "Human", "Female", 2023);
--Candidate for two races

INSERT INTO LEGENDS(ID, NAME, RACE_NAME, GENDER_NAME, YEAR_NUM) VALUES(59, "Red Raptor", "Human", "Male", 2023);

--Weapons

INSERT INTO WEAPONS(NAME) VALUES("Grapple Hammer");
INSERT INTO WEAPONS(NAME) VALUES("Sword");
INSERT INTO WEAPONS(NAME) VALUES("Blasters");
INSERT INTO WEAPONS(NAME) VALUES("Rocket Lance");
INSERT INTO WEAPONS(NAME) VALUES("Spear");
INSERT INTO WEAPONS(NAME) VALUES("Katars");
INSERT INTO WEAPONS(NAME) VALUES("Axe");
INSERT INTO WEAPONS(NAME) VALUES("Bow");
INSERT INTO WEAPONS(NAME) VALUES("Gauntlets");
INSERT INTO WEAPONS(NAME) VALUES("Scythe");
INSERT INTO WEAPONS(NAME) VALUES("Cannon");
INSERT INTO WEAPONS(NAME) VALUES("Orb");
INSERT INTO WEAPONS(NAME) VALUES("Greatsword");
INSERT INTO WEAPONS(NAME) VALUES("Battle Boots");

--Legends_Weapons

--Games

--Roles

--Users

--Games_Users